{
    "map": {
        "width": 50,
        "height": 50
    },
    "start": {
        "point": [3, 16],
        "room": 26,
        "rotation": 180
    },
    "walls": [
        { "id": 0, "type": "static", "metirial": "blueWall", "startPoint": [1, 13] },
        { "id": 1, "type": "static", "metirial": "blueWall", "startPoint": [2, 13] },
        { "id": 2, "type": "static", "metirial": "blueWall", "startPoint": [3, 13] },
        { "id": 3, "type": "static", "metirial": "blueWall", "startPoint": [4, 13] },
        { "id": 4, "type": "static", "metirial": "blueWall", "startPoint": [1, 14] },
        { "id": 5, "type": "static", "metirial": "blueWall", "startPoint": [2, 14] },
        { "id": 6, "type": "static", "metirial": "blueWall", "startPoint": [3, 14] },
        { "id": 7, "type": "static", "metirial": "blueWall", "startPoint": [4, 14] },
        { "id": 8, "type": "static", "metirial": "blueWall", "startPoint": [1, 15] },
        { "id": 9, "type": "static", "metirial": "blueWall", "startPoint": [1, 16] },
        { "id": 10, "type": "static", "metirial": "blueWall", "startPoint": [1, 17] },
        { "id": 11, "type": "static", "metirial": "blueWall", "startPoint": [1, 18] },
        { "id": 12, "type": "static", "metirial": "blueWall", "startPoint": [2, 18] },
        { "id": 13, "type": "static", "metirial": "blueWall", "startPoint": [4, 18] },
        { "id": 14, "type": "static", "metirial": "blueWall", "startPoint": [5, 18] },
        { "id": 15, "type": "static", "metirial": "blueWall", "startPoint": [5, 17] },
        { "id": 16, "type": "static", "metirial": "blueWall", "startPoint": [5, 16] },
        { "id": 17, "type": "static", "metirial": "blueWall", "startPoint": [5, 15] },
        { "id": 18, "type": "static", "metirial": "blueWall", "startPoint": [5, 14] },
        { "id": 19, "type": "static", "metirial": "blueWall", "startPoint": [5, 13] },
        { "id": 20, "type": "static", "metirial": "blueWall", "startPoint": [1, 19] },
        { "id": 21, "type": "static", "metirial": "blueWall", "startPoint": [1, 20] },
        { "id": 22, "type": "static", "metirial": "blueWall", "startPoint": [1, 21] },
        { "id": 23, "type": "static", "metirial": "blueWall", "startPoint": [1, 22] },
        { "id": 24, "type": "static", "metirial": "blueWall", "startPoint": [1, 23] },
        { "id": 25, "type": "static", "metirial": "blueWall", "startPoint": [1, 24] },
        { "id": 26, "type": "static", "metirial": "blueWall", "startPoint": [1, 25] },
        { "id": 27, "type": "static", "metirial": "blueWall", "startPoint": [1, 26] },
        { "id": 28, "type": "static", "metirial": "blueWall", "startPoint": [1, 27] },
        { "id": 29, "type": "static", "metirial": "blueWall", "startPoint": [1, 28] },
        { "id": 30, "type": "static", "metirial": "blueWall", "startPoint": [1, 29] },
        { "id": 31, "type": "static", "metirial": "blueWall", "startPoint": [1, 30] },
        { "id": 32, "type": "static", "metirial": "blueWall", "startPoint": [1, 31] },
        { "id": 33, "type": "static", "metirial": "blueWall", "startPoint": [1, 32] },
        { "id": 34, "type": "static", "metirial": "blueWall", "startPoint": [1, 33] },
        { "id": 35, "type": "static", "metirial": "blueWall", "startPoint": [1, 34] },
        { "id": 36, "type": "static", "metirial": "blueWall", "startPoint": [1, 35] },
        { "id": 37, "type": "static", "metirial": "blueWall", "startPoint": [1, 36] },
        { "id": 38, "type": "static", "metirial": "blueWall", "startPoint": [1, 37] },
        { "id": 39, "type": "static", "metirial": "blueWall", "startPoint": [1, 38] },
        { "id": 40, "type": "static", "metirial": "blueWall", "startPoint": [1, 39] },
        { "id": 41, "type": "static", "metirial": "blueWall", "startPoint": [1, 40] },
        { "id": 42, "type": "static", "metirial": "blueWall", "startPoint": [1, 41] },
        { "id": 43, "type": "static", "metirial": "blueWall", "startPoint": [1, 42] },
        { "id": 44, "type": "static", "metirial": "blueWall", "startPoint": [1, 43] },
        { "id": 45, "type": "static", "metirial": "blueWall", "startPoint": [1, 44] },
        { "id": 46, "type": "static", "metirial": "blueWall", "startPoint": [1, 13] },
        { "id": 47, "type": "static", "metirial": "blueWall", "startPoint": [1, 13] },
        { "id": 48, "type": "static", "metirial": "blueWall", "startPoint": [1, 13] },
        { "id": 49, "type": "static", "metirial": "blueWall", "startPoint": [1, 13] },
        { "id": 50, "type": "static", "metirial": "blueWall", "startPoint": [1, 13] },
        { "id": 51, "type": "static", "metirial": "blueWall", "startPoint": [5, 13] },
        { "id": 52, "type": "static", "metirial": "blueWall", "startPoint": [5, 13] },
        { "id": 53, "type": "static", "metirial": "blueWall", "startPoint": [5, 13] },
        { "id": 54, "type": "static", "metirial": "blueWall", "startPoint": [5, 13] },
        { "id": 55, "type": "static", "metirial": "blueWall", "startPoint": [5, 13] },
        { "id": 56, "type": "static", "metirial": "blueWall", "startPoint": [5, 13] },
        { "id": 57, "type": "static", "metirial": "blueWall", "startPoint": [5, 13] },
        { "id": 58, "type": "static", "metirial": "blueWall", "startPoint": [5, 13] },
        { "id": 59, "type": "static", "metirial": "blueWall", "startPoint": [5, 13] },
        { "id": 61, "type": "static", "metirial": "blueWall", "startPoint": [5, 13] },
        { "id": 62, "type": "static", "metirial": "blueWall", "startPoint": [5, 13] },
        { "id": 63, "type": "static", "metirial": "blueWall", "startPoint": [5, 13] },
        { "id": 64, "type": "static", "metirial": "blueWall", "startPoint": [5, 13] },
        { "id": 65, "type": "static", "metirial": "blueWall", "startPoint": [5, 13] },
        { "id": 66, "type": "static", "metirial": "blueWall", "startPoint": [5, 13] },
        { "id": 67, "type": "static", "metirial": "blueWall", "startPoint": [5, 13] },
        { "id": 68, "type": "static", "metirial": "blueWall", "startPoint": [5, 13] },
        { "id": 69, "type": "static", "metirial": "blueWall", "startPoint": [5, 13] },
        { "id": 70, "type": "static", "metirial": "blueWall", "startPoint": [5, 13] },
        { "id": 71, "type": "static", "metirial": "blueWall", "startPoint": [5, 13] },
        { "id": 72, "type": "static", "metirial": "blueWall", "startPoint": [5, 13] },
        { "id": 73, "type": "static", "metirial": "blueWall", "startPoint": [5, 13] },
        { "id": 74, "type": "static", "metirial": "blueWall", "startPoint": [5, 13] },
        { "id": 75, "type": "static", "metirial": "blueWall", "startPoint": [5, 13] },
        { "id": 76, "type": "static", "metirial": "blueWall", "startPoint": [5, 13] },
        { "id": 77, "type": "static", "metirial": "blueWall", "startPoint": [5, 13] },
        { "id": 78, "type": "static", "metirial": "blueWall", "startPoint": [5, 13] },
        { "id": 79, "type": "static", "metirial": "blueWall", "startPoint": [5, 13] }
    ],
    "rooms": [
        { "id": 20, "next": [], "walls": [11, 12, 13, 20, 21, 22, 23, 24, 25, 26, 27, 28, 29, 30, 31, 32, 33, 34, 35, 36, 37, 38, 39, 40, 41, 42, 43, 44, 45], "location": [
            {"startX": 1, "endX": 4, "startZ": 18, "endZ": 26},
            {"startX": 1, "endX": 5, "startZ": 26, "endZ": 30},
            {"startX": 1, "endX": 4, "startZ": 30, "endZ": 44},
            {"startX": 4, "endX": 17, "startZ": 40, "endZ": 44}
            ], "doors": [0] },
        { "id": 26, "next": [20], "walls": [0, 1, 2, 3, 4, 5, 6, 7, 8, 9, 10, 11, 12, 13, 14, 15, 16, 17, 18, 19], "location": [{"startX": 1, "endX": 5, "startZ": 14, "endZ": 18}], "doors": [0] }
    ],
    "doors": [
        { "id": 0, "startPoint": [27, 1], "boxSize": [3.98, 4, 1], "xMove": 0.5, "zMove": 0, "detection": {"startX": 27, "endX": 27, "startZ": 0, "endZ": 2} }
    ],
    "soldier": []
}