{
    "map": {
        "width": 75,
        "height": 75
    },
    "start": {
        "point": [29, 46],
        "room": 1,
        "rotation": 270
    },
    "walls": [
        {"id": 0, "type": "static", "metirial": "greyWall3", "startPoint": [1, 14]}, 
        {"id": 1, "type": "static", "metirial": "greyWall3", "startPoint": [2, 14]}, 
        {"id": 2, "type": "static", "metirial": "greyWall3", "startPoint": [3, 14]}, 
        {"id": 3, "type": "static", "metirial": "greyWall3", "startPoint": [4, 14]}, 
        {"id": 4, "type": "static", "metirial": "greyWall3", "startPoint": [1, 15]}, 
        {"id": 5, "type": "static", "metirial": "greyWall3", "startPoint": [1, 16]}, 
        {"id": 6, "type": "static", "metirial": "greyWall3", "startPoint": [1, 17]}, 
        {"id": 7, "type": "static", "metirial": "greyWall3", "startPoint": [1, 18]}, 
        {"id": 8, "type": "static", "metirial": "greyWall3", "startPoint": [2, 18]}, 
        {"id": 9, "type": "static", "metirial": "greyWall3", "startPoint": [4, 18]}, 
        {"id": 10, "type": "static", "metirial": "greyWall3", "startPoint": [5, 18]}, 
        {"id": 11, "type": "static", "metirial": "greyWall3", "startPoint": [5, 17]}, 
        {"id": 12, "type": "static", "metirial": "greyWall3", "startPoint": [5, 16]}, 
        {"id": 13, "type": "static", "metirial": "greyWall3", "startPoint": [5, 15]}, 
        {"id": 14, "type": "static", "metirial": "greyWall3", "startPoint": [5, 14]}, 
        {"id": 15, "type": "static", "metirial": "greyWall3", "startPoint": [1, 19]}, 
        {"id": 16, "type": "static", "metirial": "greyWall3", "startPoint": [1, 20]}, 
        {"id": 17, "type": "static", "metirial": "greyWall3", "startPoint": [1, 21]}, 
        {"id": 18, "type": "static", "metirial": "greyWall3", "startPoint": [1, 22]}, 
        {"id": 19, "type": "static", "metirial": "greyWall3", "startPoint": [1, 23]}, 
        {"id": 20, "type": "static", "metirial": "greyWall3", "startPoint": [1, 24]}, 
        {"id": 21, "type": "static", "metirial": "greyWall3", "startPoint": [1, 25]}, 
        {"id": 22, "type": "static", "metirial": "greyWall3", "startPoint": [1, 26]}, 
        {"id": 23, "type": "static", "metirial": "greyWall3", "startPoint": [1, 27]}, 
        {"id": 24, "type": "static", "metirial": "greyWall3", "startPoint": [1, 28]}, 
        {"id": 25, "type": "static", "metirial": "greyWall3", "startPoint": [1, 29]}, 
        {"id": 26, "type": "static", "metirial": "greyWall3", "startPoint": [1, 30]}, 
        {"id": 27, "type": "static", "metirial": "greyWall3", "startPoint": [1, 31]}, 
        {"id": 28, "type": "static", "metirial": "greyWall3", "startPoint": [1, 32]}, 
        {"id": 29, "type": "static", "metirial": "greyWall3", "startPoint": [1, 33]}, 
        {"id": 30, "type": "static", "metirial": "greyWall3", "startPoint": [1, 34]}, 
        {"id": 31, "type": "static", "metirial": "greyWall3", "startPoint": [1, 35]}, 
        {"id": 32, "type": "static", "metirial": "greyWall3", "startPoint": [1, 36]}, 
        {"id": 33, "type": "static", "metirial": "greyWall3", "startPoint": [1, 37]}, 
        {"id": 34, "type": "static", "metirial": "greyWall3", "startPoint": [1, 38]}, 
        {"id": 35, "type": "static", "metirial": "greyWall3", "startPoint": [1, 39]}, 
        {"id": 36, "type": "static", "metirial": "greyWall3", "startPoint": [1, 40]}, 
        {"id": 37, "type": "static", "metirial": "greyWall3", "startPoint": [1, 41]}, 
        {"id": 38, "type": "static", "metirial": "greyWall3", "startPoint": [1, 42]}, 
        {"id": 39, "type": "static", "metirial": "greyWall3", "startPoint": [1, 43]}, 
        {"id": 40, "type": "static", "metirial": "greyWall3", "startPoint": [1, 44]}, 
        {"id": 41, "type": "static", "metirial": "greyWall3", "startPoint": [2, 44]}, 
        {"id": 42, "type": "static", "metirial": "greyWall3", "startPoint": [3, 44]}, 
        {"id": 43, "type": "static", "metirial": "greyWall3", "startPoint": [4, 44]}, 
        {"id": 44, "type": "static", "metirial": "greyWall3", "startPoint": [5, 44]}, 
        {"id": 45, "type": "static", "metirial": "greyWall3", "startPoint": [6, 44]}, 
        {"id": 46, "type": "static", "metirial": "greyWall3", "startPoint": [7, 44]}, 
        {"id": 47, "type": "static", "metirial": "greyWall3", "startPoint": [8, 44]}, 
        {"id": 48, "type": "static", "metirial": "greyWall3", "startPoint": [9, 44]}, 
        {"id": 49, "type": "static", "metirial": "greyWall3", "startPoint": [10, 44]},
        {"id": 50, "type": "static", "metirial": "greyWall3", "startPoint": [11, 44]},
        {"id": 51, "type": "static", "metirial": "greyWall3", "startPoint": [12, 44]},
        {"id": 52, "type": "static", "metirial": "greyWall3", "startPoint": [13, 44]},
        {"id": 53, "type": "static", "metirial": "greyWall3", "startPoint": [14, 44]},
        {"id": 54, "type": "static", "metirial": "greyWall3", "startPoint": [15, 44]},
        {"id": 55, "type": "static", "metirial": "greyWall3", "startPoint": [16, 44]},
        {"id": 56, "type": "static", "metirial": "greyWall3", "startPoint": [17, 44]},
        {"id": 57, "type": "static", "metirial": "greyWall3", "startPoint": [18, 44]},
        {"id": 58, "type": "static", "metirial": "greyWall3", "startPoint": [18, 43]},
        {"id": 59, "type": "static", "metirial": "greyWall3", "startPoint": [19, 44]},
        {"id": 60, "type": "static", "metirial": "greyWall3", "startPoint": [20, 44]},
        {"id": 61, "type": "static", "metirial": "greyWall3", "startPoint": [21, 44]},
        {"id": 62, "type": "static", "metirial": "greyWall3", "startPoint": [22, 44]},
        {"id": 63, "type": "static", "metirial": "greyWall3", "startPoint": [23, 44]},
        {"id": 64, "type": "static", "metirial": "greyWall3", "startPoint": [24, 44]},
        {"id": 65, "type": "static", "metirial": "greyWall3", "startPoint": [25, 44]},
        {"id": 66, "type": "static", "metirial": "greyWall3", "startPoint": [25, 43]},
        {"id": 68, "type": "static", "metirial": "greyWall3", "startPoint": [25, 41]},
        {"id": 69, "type": "static", "metirial": "greyWall3", "startPoint": [25, 40]},
        {"id": 70, "type": "static", "metirial": "greyWall3", "startPoint": [24, 40]},
        {"id": 71, "type": "static", "metirial": "greyWall3", "startPoint": [23, 40]},
        {"id": 72, "type": "static", "metirial": "greyWall3", "startPoint": [22, 40]},
        {"id": 73, "type": "static", "metirial": "greyWall3", "startPoint": [21, 40]},
        {"id": 74, "type": "static", "metirial": "greyWall3", "startPoint": [20, 40]},
        {"id": 75, "type": "static", "metirial": "greyWall3", "startPoint": [19, 40]},
        {"id": 76, "type": "static", "metirial": "greyWall3", "startPoint": [18, 40]},
        {"id": 77, "type": "static", "metirial": "greyWall3", "startPoint": [18, 41]},
        {"id": 78, "type": "static", "metirial": "greyWall3", "startPoint": [17, 40]},
        {"id": 79, "type": "static", "metirial": "greyWall3", "startPoint": [16, 40]},
        {"id": 80, "type": "static", "metirial": "greyWall3", "startPoint": [15, 40]},
        {"id": 81, "type": "static", "metirial": "greyWall3", "startPoint": [14, 40]},
        {"id": 82, "type": "static", "metirial": "greyWall3", "startPoint": [13, 40]},
        {"id": 83, "type": "static", "metirial": "greyWall3", "startPoint": [13, 39]},
        {"id": 84, "type": "static", "metirial": "greyWall3", "startPoint": [13, 38]},
        {"id": 85, "type": "static", "metirial": "greyWall3", "startPoint": [13, 37]},
        {"id": 86, "type": "static", "metirial": "greyWall3", "startPoint": [13, 36]},
        {"id": 87, "type": "static", "metirial": "greyWall3", "startPoint": [13, 35]},
        {"id": 88, "type": "static", "metirial": "greyWall3", "startPoint": [13, 34]},
        {"id": 89, "type": "static", "metirial": "greyWall3", "startPoint": [13, 33]},
        {"id": 90, "type": "static", "metirial": "greyWall3", "startPoint": [12, 33]},
        {"id": 91, "type": "static", "metirial": "greyWall3", "startPoint": [10, 33]},
        {"id": 92, "type": "static", "metirial": "greyWall3", "startPoint": [9, 33]},
        {"id": 93, "type": "static", "metirial": "greyWall3", "startPoint": [9, 34]},
        {"id": 94, "type": "static", "metirial": "greyWall3", "startPoint": [9, 35]},
        {"id": 95, "type": "static", "metirial": "greyWall3", "startPoint": [9, 36]},
        {"id": 96, "type": "static", "metirial": "greyWall3", "startPoint": [9, 37]},
        {"id": 97, "type": "static", "metirial": "greyWall3", "startPoint": [9, 38]},
        {"id": 98, "type": "static", "metirial": "greyWall3", "startPoint": [9, 39]},
        {"id": 99, "type": "static", "metirial": "greyWall3", "startPoint": [9, 40]},
        {"id": 100, "type": "static", "metirial": "greyWall3", "startPoint": [8, 40]},
        {"id": 101, "type": "static", "metirial": "greyWall3", "startPoint": [7, 40]},
        {"id": 102, "type": "static", "metirial": "greyWall3", "startPoint": [6, 40]},
        {"id": 103, "type": "static", "metirial": "greyWall3", "startPoint": [5, 40]},
        {"id": 104, "type": "static", "metirial": "greyWall3", "startPoint": [5, 39]},
        {"id": 105, "type": "static", "metirial": "greyWall3", "startPoint": [5, 38]},
        {"id": 106, "type": "static", "metirial": "greyWall3", "startPoint": [6, 39]},
        {"id": 107, "type": "static", "metirial": "greyWall3", "startPoint": [7, 39]},
        {"id": 108, "type": "static", "metirial": "greyWall3", "startPoint": [8, 39]},
        {"id": 109, "type": "static", "metirial": "greyWall3", "startPoint": [8, 35]},
        {"id": 110, "type": "static", "metirial": "greyWall3", "startPoint": [7, 35]},
        {"id": 111, "type": "static", "metirial": "greyWall3", "startPoint": [5, 35]},
        {"id": 112, "type": "static", "metirial": "greyWall3", "startPoint": [5, 36]},
        {"id": 113, "type": "static", "metirial": "greyWall3", "startPoint": [5, 34]},
        {"id": 114, "type": "static", "metirial": "greyWall3", "startPoint": [5, 33]},
        {"id": 115, "type": "static", "metirial": "greyWall3", "startPoint": [5, 32]}, 
        {"id": 116, "type": "static", "metirial": "greyWall3", "startPoint": [5, 31]},
        {"id": 117, "type": "static", "metirial": "greyWall3", "startPoint": [5, 30]},
        {"id": 118, "type": "static", "metirial": "greyWall3", "startPoint": [6, 30]},
        {"id": 119, "type": "static", "metirial": "greyWall3", "startPoint": [6, 29]},
        {"id": 120, "type": "static", "metirial": "greyWall3", "startPoint": [6, 27]},
        {"id": 121, "type": "static", "metirial": "greyWall3", "startPoint": [6, 26]},
        {"id": 122, "type": "static", "metirial": "greyWall3", "startPoint": [5, 26]},
        {"id": 123, "type": "static", "metirial": "greyWall3", "startPoint": [5, 25]},
        {"id": 124, "type": "static", "metirial": "greyWall3", "startPoint": [5, 24]},
        {"id": 125, "type": "static", "metirial": "greyWall3", "startPoint": [5, 23]},
        {"id": 126, "type": "static", "metirial": "greyWall3", "startPoint": [5, 22]},
        {"id": 127, "type": "static", "metirial": "greyWall3", "startPoint": [6, 23]},
        {"id": 128, "type": "static", "metirial": "greyWall3", "startPoint": [7, 23]},
        {"id": 129, "type": "static", "metirial": "greyWall3", "startPoint": [8, 23]},
        {"id": 130, "type": "static", "metirial": "greyWall3", "startPoint": [9, 23]},
        {"id": 131, "type": "static", "metirial": "greyWall3", "startPoint": [9, 22]},
        {"id": 132, "type": "static", "metirial": "greyWall3", "startPoint": [9, 21]},
        {"id": 133, "type": "static", "metirial": "greyWall3", "startPoint": [9, 20]},
        {"id": 134, "type": "static", "metirial": "greyWall3", "startPoint": [9, 19]},
        {"id": 135, "type": "static", "metirial": "greyWall3", "startPoint": [8, 19]},
        {"id": 136, "type": "static", "metirial": "greyWall3", "startPoint": [7, 19]},
        {"id": 137, "type": "static", "metirial": "greyWall3", "startPoint": [6, 19]},
        {"id": 138, "type": "static", "metirial": "greyWall3", "startPoint": [5, 19]},
        {"id": 139, "type": "static", "metirial": "greyWall3", "startPoint": [5, 20]},
        {"id": 140, "type": "static", "metirial": "greyWall3", "startPoint": [8, 33]},
        {"id": 141, "type": "static", "metirial": "greyWall3", "startPoint": [7, 33]},
        {"id": 142, "type": "static", "metirial": "greyWall3", "startPoint": [6, 33]},
        {"id": 143, "type": "static", "metirial": "greyWall3", "startPoint": [6, 32]},
        {"id": 144, "type": "static", "metirial": "greyWall3", "startPoint": [6, 31]},
        {"id": 145, "type": "static", "metirial": "greyWall3", "startPoint": [6, 25]},
        {"id": 146, "type": "static", "metirial": "greyWall3", "startPoint": [6, 24]},
        {"id": 147, "type": "static", "metirial": "greyWall3", "startPoint": [10, 23]},
        {"id": 148, "type": "static", "metirial": "greyWall3", "startPoint": [12, 23]},
        {"id": 149, "type": "static", "metirial": "greyWall3", "startPoint": [13, 23]},
        {"id": 150, "type": "static", "metirial": "greyWall3", "startPoint": [14, 23]},
        {"id": 151, "type": "static", "metirial": "greyWall3", "startPoint": [15, 23]},
        {"id": 152, "type": "static", "metirial": "greyWall3", "startPoint": [16, 23]},
        {"id": 153, "type": "static", "metirial": "greyWall3", "startPoint": [16, 24]},
        {"id": 154, "type": "static", "metirial": "greyWall3", "startPoint": [16, 25]},
        {"id": 155, "type": "static", "metirial": "greyWall3", "startPoint": [16, 26]},
        {"id": 156, "type": "static", "metirial": "greyWall3", "startPoint": [16, 27]},
        {"id": 157, "type": "static", "metirial": "greyWall3", "startPoint": [16, 28]},
        {"id": 158, "type": "static", "metirial": "greyWall3", "startPoint": [16, 29]},
        {"id": 159, "type": "static", "metirial": "greyWall3", "startPoint": [16, 30]},
        {"id": 160, "type": "static", "metirial": "greyWall3", "startPoint": [16, 31]},
        {"id": 161, "type": "static", "metirial": "greyWall3", "startPoint": [16, 32]},
        {"id": 162, "type": "static", "metirial": "greyWall3", "startPoint": [16, 33]},
        {"id": 163, "type": "static", "metirial": "greyWall3", "startPoint": [15, 33]},
        {"id": 164, "type": "static", "metirial": "greyWall3", "startPoint": [14, 33]},
        {"id": 165, "type": "static", "metirial": "greyWall3", "startPoint": [9, 18]},
        {"id": 166, "type": "static", "metirial": "greyWall3", "startPoint": [9, 17]},
        {"id": 167, "type": "static", "metirial": "greyWall3", "startPoint": [9, 16]},
        {"id": 168, "type": "static", "metirial": "greyWall3", "startPoint": [10, 16]},
        {"id": 169, "type": "static", "metirial": "greyWall3", "startPoint": [12, 16]},
        {"id": 170, "type": "static", "metirial": "greyWall3", "startPoint": [13, 16]},
        {"id": 171, "type": "static", "metirial": "greyWall3", "startPoint": [13, 17]},
        {"id": 172, "type": "static", "metirial": "greyWall3", "startPoint": [13, 18]},
        {"id": 173, "type": "static", "metirial": "greyWall3", "startPoint": [13, 19]},
        {"id": 174, "type": "static", "metirial": "greyWall3", "startPoint": [13, 20]},
        {"id": 175, "type": "static", "metirial": "greyWall3", "startPoint": [13, 21]},
        {"id": 176, "type": "static", "metirial": "greyWall3", "startPoint": [13, 22]},
        {"id": 177, "type": "static", "metirial": "greyWall3", "startPoint": [8, 16]},
        {"id": 188, "type": "static", "metirial": "greyWall3", "startPoint": [7, 16]},
        {"id": 189, "type": "static", "metirial": "greyWall3", "startPoint": [6, 16]},
        {"id": 190, "type": "static", "metirial": "greyWall3", "startPoint": [6, 15]},
        {"id": 191, "type": "static", "metirial": "greyWall3", "startPoint": [6, 14]},
        {"id": 192, "type": "static", "metirial": "greyWall3", "startPoint": [6, 13]},
        {"id": 193, "type": "static", "metirial": "greyWall3", "startPoint": [6, 12]},
        {"id": 194, "type": "static", "metirial": "greyWall3", "startPoint": [6, 11]},
        {"id": 195, "type": "static", "metirial": "greyWall3", "startPoint": [6, 10]},
        {"id": 196, "type": "static", "metirial": "greyWall3", "startPoint": [6, 9]},
        {"id": 197, "type": "static", "metirial": "greyWall3", "startPoint": [6, 8]},
        {"id": 198, "type": "static", "metirial": "greyWall3", "startPoint": [7, 8]},
        {"id": 199, "type": "static", "metirial": "greyWall3", "startPoint": [8, 8]},
        {"id": 200, "type": "static", "metirial": "greyWall3", "startPoint": [9, 8]},
        {"id": 201, "type": "static", "metirial": "greyWall3", "startPoint": [10, 8]},
        {"id": 202, "type": "static", "metirial": "greyWall3", "startPoint": [12, 8]},
        {"id": 203, "type": "static", "metirial": "greyWall3", "startPoint": [13, 8]},
        {"id": 204, "type": "static", "metirial": "greyWall3", "startPoint": [14, 8]},
        {"id": 205, "type": "static", "metirial": "greyWall3", "startPoint": [15, 8]},
        {"id": 206, "type": "static", "metirial": "greyWall3", "startPoint": [16, 8]},
        {"id": 207, "type": "static", "metirial": "greyWall3", "startPoint": [16, 9]},
        {"id": 208, "type": "static", "metirial": "greyWall3", "startPoint": [16, 10]},
        {"id": 209, "type": "static", "metirial": "greyWall3", "startPoint": [16, 12]},
        {"id": 210, "type": "static", "metirial": "greyWall3", "startPoint": [16, 13]},
        {"id": 211, "type": "static", "metirial": "greyWall3", "startPoint": [16, 14]},
        {"id": 212, "type": "static", "metirial": "greyWall3", "startPoint": [16, 15]},
        {"id": 213, "type": "static", "metirial": "greyWall3", "startPoint": [16, 16]},
        {"id": 214, "type": "static", "metirial": "greyWall3", "startPoint": [15, 16]},
        {"id": 215, "type": "static", "metirial": "greyWall3", "startPoint": [14, 16]},
        {"id": 216, "type": "static", "metirial": "greyWall3", "startPoint": [12, 7]},
        {"id": 217, "type": "static", "metirial": "greyWall3", "startPoint": [12, 6]},
        {"id": 218, "type": "static", "metirial": "greyWall3", "startPoint": [12, 5]},
        {"id": 219, "type": "static", "metirial": "greyWall3", "startPoint": [11, 5]},
        {"id": 220, "type": "static", "metirial": "greyWall3", "startPoint": [11, 4]},
        {"id": 221, "type": "static", "metirial": "greyWall3", "startPoint": [11, 3]},
        {"id": 222, "type": "static", "metirial": "greyWall3", "startPoint": [10, 3]},
        {"id": 223, "type": "static", "metirial": "greyWall3", "startPoint": [9, 3]},
        {"id": 224, "type": "static", "metirial": "greyWall3", "startPoint": [8, 3]},
        {"id": 225, "type": "static", "metirial": "greyWall3", "startPoint": [7, 3]},
        {"id": 226, "type": "static", "metirial": "greyWall3", "startPoint": [6, 3]}, 
        {"id": 227, "type": "static", "metirial": "greyWall3", "startPoint": [6, 4]},
        {"id": 228, "type": "static", "metirial": "greyWall3", "startPoint": [6, 5]},
        {"id": 229, "type": "static", "metirial": "greyWall3", "startPoint": [6, 6]},
        {"id": 230, "type": "static", "metirial": "greyWall3", "startPoint": [6, 7]},
        {"id": 231, "type": "static", "metirial": "greyWall3", "startPoint": [17, 9]},
        {"id": 232, "type": "static", "metirial": "greyWall3", "startPoint": [18, 9]},
        {"id": 233, "type": "static", "metirial": "greyWall3", "startPoint": [18, 8]},
        {"id": 234, "type": "static", "metirial": "greyWall3", "startPoint": [18, 7]},
        {"id": 235, "type": "static", "metirial": "greyWall3", "startPoint": [18, 6]},
        {"id": 236, "type": "static", "metirial": "greyWall3", "startPoint": [18, 5]},
        {"id": 237, "type": "static", "metirial": "greyWall3", "startPoint": [18, 4]},
        {"id": 238, "type": "static", "metirial": "greyWall3", "startPoint": [18, 3]},
        {"id": 239, "type": "static", "metirial": "greyWall3", "startPoint": [19, 3]},
        {"id": 240, "type": "static", "metirial": "greyWall3", "startPoint": [20, 3]},
        {"id": 241, "type": "static", "metirial": "greyWall3", "startPoint": [21, 3]},
        {"id": 242, "type": "static", "metirial": "greyWall3", "startPoint": [22, 3]},
        {"id": 243, "type": "static", "metirial": "greyWall3", "startPoint": [23, 3]},
        {"id": 244, "type": "static", "metirial": "greyWall3", "startPoint": [24, 3]},
        {"id": 245, "type": "static", "metirial": "greyWall3", "startPoint": [25, 3]},
        {"id": 246, "type": "static", "metirial": "greyWall3", "startPoint": [26, 3]},
        {"id": 247, "type": "static", "metirial": "greyWall3", "startPoint": [27, 3]},
        {"id": 248, "type": "static", "metirial": "greyWall3", "startPoint": [28, 3]},
        {"id": 249, "type": "static", "metirial": "darkWood", "startPoint": [29, 3]},
        {"id": 250, "type": "static", "metirial": "darkWood", "startPoint": [29, 4]},
        {"id": 251, "type": "static", "metirial": "darkWood", "startPoint": [29, 6]},
        {"id": 252, "type": "static", "metirial": "darkWood", "startPoint": [29, 7]},
        {"id": 253, "type": "static", "metirial": "greyWall3", "startPoint": [28, 7]},
        {"id": 254, "type": "static", "metirial": "greyWall3", "startPoint": [27, 7]},
        {"id": 255, "type": "static", "metirial": "greyWall3", "startPoint": [26, 7]},
        {"id": 256, "type": "static", "metirial": "greyWall3", "startPoint": [25, 7]},
        {"id": 257, "type": "static", "metirial": "greyWall3", "startPoint": [24, 7]},
        {"id": 258, "type": "static", "metirial": "greyWall3", "startPoint": [23, 7]},
        {"id": 259, "type": "static", "metirial": "greyWall3", "startPoint": [22, 7]},
        {"id": 260, "type": "static", "metirial": "greyWall3", "startPoint": [22, 8]},
        {"id": 261, "type": "static", "metirial": "greyWall3", "startPoint": [22, 9]},
        {"id": 262, "type": "static", "metirial": "greyWall3", "startPoint": [23, 9]},
        {"id": 263, "type": "static", "metirial": "greyWall3", "startPoint": [24, 9]},
        {"id": 264, "type": "static", "metirial": "greyWall3", "startPoint": [24, 10]},
        {"id": 265, "type": "static", "metirial": "greyWall3", "startPoint": [24, 11]},
        {"id": 266, "type": "static", "metirial": "greyWall3", "startPoint": [24, 12]},
        {"id": 267, "type": "static", "metirial": "greyWall3", "startPoint": [24, 13]},
        {"id": 268, "type": "static", "metirial": "greyWall3", "startPoint": [23, 13]},
        {"id": 269, "type": "static", "metirial": "greyWall3", "startPoint": [22, 13]},
        {"id": 270, "type": "static", "metirial": "greyWall3", "startPoint": [21, 13]},
        {"id": 271, "type": "static", "metirial": "greyWall3", "startPoint": [20, 13]},
        {"id": 272, "type": "static", "metirial": "greyWall3", "startPoint": [19, 13]},
        {"id": 273, "type": "static", "metirial": "greyWall3", "startPoint": [18, 13]},
        {"id": 274, "type": "static", "metirial": "greyWall3", "startPoint": [17, 13]},
        {"id": 275, "type": "static", "metirial": "darkWood", "startPoint": [29, 2]},
        {"id": 276, "type": "static", "metirial": "darkWood", "startPoint": [29, 1]},
        {"id": 278, "type": "static", "metirial": "darkWood", "startPoint": [30, 1]},
        {"id": 279, "type": "static", "metirial": "darkWood", "startPoint": [31, 1]},
        {"id": 280, "type": "static", "metirial": "darkWood", "startPoint": [32, 1]},
        {"id": 281, "type": "static", "metirial": "darkWood", "startPoint": [33, 1]},
        {"id": 282, "type": "static", "metirial": "darkWood", "startPoint": [34, 1]},
        {"id": 283, "type": "static", "metirial": "darkWood", "startPoint": [35, 1]},
        {"id": 284, "type": "static", "metirial": "darkWood", "startPoint": [36, 1]},
        {"id": 285, "type": "static", "metirial": "darkWood", "startPoint": [37, 1]},
        {"id": 286, "type": "static", "metirial": "darkWood", "startPoint": [38, 1]},
        {"id": 287, "type": "static", "metirial": "darkWood", "startPoint": [39, 1]},
        {"id": 288, "type": "static", "metirial": "darkWood", "startPoint": [40, 1]},
        {"id": 289, "type": "static", "metirial": "darkWood", "startPoint": [41, 1]},
        {"id": 290, "type": "static", "metirial": "darkWood", "startPoint": [41, 2]},
        {"id": 291, "type": "static", "metirial": "darkWood", "startPoint": [41, 3]},
        {"id": 293, "type": "static", "metirial": "darkWood", "startPoint": [41, 4]},
        {"id": 294, "type": "static", "metirial": "darkWood", "startPoint": [41, 6]},
        {"id": 295, "type": "static", "metirial": "darkWood", "startPoint": [41, 7]},
        {"id": 296, "type": "static", "metirial": "darkWood", "startPoint": [41, 8]},
        {"id": 297, "type": "static", "metirial": "darkWood", "startPoint": [41, 9]},
        {"id": 298, "type": "static", "metirial": "darkWood", "startPoint": [40, 9]},
        {"id": 299, "type": "static", "metirial": "darkWood", "startPoint": [39, 9]},
        {"id": 300, "type": "static", "metirial": "darkWood", "startPoint": [38, 9]},
        {"id": 301, "type": "static", "metirial": "darkWood", "startPoint": [37, 9]},
        {"id": 302, "type": "static", "metirial": "darkWood", "startPoint": [36, 9]},
        {"id": 303, "type": "static", "metirial": "darkWood", "startPoint": [34, 9]},
        {"id": 304, "type": "static", "metirial": "darkWood", "startPoint": [33, 9]},
        {"id": 305, "type": "static", "metirial": "darkWood", "startPoint": [32, 9]},
        {"id": 306, "type": "static", "metirial": "darkWood", "startPoint": [31, 9]},
        {"id": 307, "type": "static", "metirial": "darkWood", "startPoint": [30, 9]},
        {"id": 308, "type": "static", "metirial": "darkWood", "startPoint": [29, 9]},
        {"id": 309, "type": "static", "metirial": "darkWood", "startPoint": [29, 8]},
        {"id": 310, "type": "static", "metirial": "darkWood", "startPoint": [42, 3]},
        {"id": 311, "type": "static", "metirial": "darkWood", "startPoint": [43, 3]},
        {"id": 312, "type": "static", "metirial": "darkWood", "startPoint": [44, 3]},
        {"id": 313, "type": "static", "metirial": "darkWood", "startPoint": [45, 3]}, 
        {"id": 314, "type": "static", "metirial": "darkWood", "startPoint": [45, 4]},
        {"id": 315, "type": "static", "metirial": "darkWood", "startPoint": [45, 5]},
        {"id": 316, "type": "static", "metirial": "darkWood", "startPoint": [45, 6]},
        {"id": 317, "type": "static", "metirial": "darkWood", "startPoint": [45, 7]},
        {"id": 318, "type": "static", "metirial": "darkWood", "startPoint": [44, 7]},
        {"id": 319, "type": "static", "metirial": "darkWood", "startPoint": [43, 7]},
        {"id": 320, "type": "static", "metirial": "darkWood", "startPoint": [42, 7]},
        {"id": 321, "type": "static", "metirial": "darkWood", "startPoint": [33, 10]},
        {"id": 322, "type": "static", "metirial": "darkWood", "startPoint": [33, 11]},
        {"id": 323, "type": "static", "metirial": "darkWood", "startPoint": [33, 12]},
        {"id": 324, "type": "static", "metirial": "darkWood", "startPoint": [33, 13]},
        {"id": 325, "type": "static", "metirial": "darkWood", "startPoint": [33, 14]},
        {"id": 326, "type": "static", "metirial": "darkWood", "startPoint": [33, 15]},
        {"id": 327, "type": "static", "metirial": "darkWood", "startPoint": [32, 15]},
        {"id": 328, "type": "static", "metirial": "darkWood", "startPoint": [31, 15]},
        {"id": 329, "type": "static", "metirial": "darkWood", "startPoint": [30, 15]},
        {"id": 330, "type": "static", "metirial": "darkWood", "startPoint": [31, 17]},
        {"id": 331, "type": "static", "metirial": "darkWood", "startPoint": [32, 17]},
        {"id": 332, "type": "static", "metirial": "darkWood", "startPoint": [33, 17]},
        {"id": 333, "type": "static", "metirial": "darkWood", "startPoint": [33, 18]},
        {"id": 334, "type": "static", "metirial": "darkWood", "startPoint": [33, 19]},
        {"id": 335, "type": "static", "metirial": "darkWood", "startPoint": [33, 20]},
        {"id": 336, "type": "static", "metirial": "darkWood", "startPoint": [33, 21]},
        {"id": 337, "type": "static", "metirial": "darkWood", "startPoint": [33, 22]},
        {"id": 338, "type": "static", "metirial": "darkWood", "startPoint": [34, 22]},
        {"id": 339, "type": "static", "metirial": "darkWood", "startPoint": [36, 22]},
        {"id": 340, "type": "static", "metirial": "darkWood", "startPoint": [37, 22]},
        {"id": 341, "type": "static", "metirial": "darkWood", "startPoint": [37, 21]},
        {"id": 342, "type": "static", "metirial": "darkWood", "startPoint": [37, 20]},
        {"id": 343, "type": "static", "metirial": "darkWood", "startPoint": [37, 19]},
        {"id": 344, "type": "static", "metirial": "darkWood", "startPoint": [37, 18]},
        {"id": 345, "type": "static", "metirial": "darkWood", "startPoint": [37, 17]},
        {"id": 346, "type": "static", "metirial": "darkWood", "startPoint": [38, 17]},
        {"id": 347, "type": "static", "metirial": "darkWood", "startPoint": [39, 17]},
        {"id": 348, "type": "static", "metirial": "darkWood", "startPoint": [39, 16]},
        {"id": 349, "type": "static", "metirial": "darkWood", "startPoint": [39, 15]},
        {"id": 350, "type": "static", "metirial": "darkWood", "startPoint": [38, 15]},
        {"id": 351, "type": "static", "metirial": "darkWood", "startPoint": [37, 15]},
        {"id": 352, "type": "static", "metirial": "darkWood", "startPoint": [37, 14]},
        {"id": 353, "type": "static", "metirial": "darkWood", "startPoint": [37, 13]},
        {"id": 354, "type": "static", "metirial": "darkWood", "startPoint": [37, 12]},
        {"id": 355, "type": "static", "metirial": "darkWood", "startPoint": [37, 11]},
        {"id": 356, "type": "static", "metirial": "darkWood", "startPoint": [37, 10]},
        {"id": 357, "type": "static", "metirial": "greyWall3", "startPoint": [29, 15]},
        {"id": 358, "type": "static", "metirial": "greyWall3", "startPoint": [28, 15]},
        {"id": 359, "type": "static", "metirial": "greyWall3", "startPoint": [27, 15]},
        {"id": 360, "type": "static", "metirial": "greyWall3", "startPoint": [27, 16]},
        {"id": 361, "type": "static", "metirial": "greyWall3", "startPoint": [27, 17]},
        {"id": 362, "type": "static", "metirial": "greyWall3", "startPoint": [27, 18]},
        {"id": 363, "type": "static", "metirial": "greyWall3", "startPoint": [27, 19]},
        {"id": 364, "type": "static", "metirial": "greyWall3", "startPoint": [27, 20]},
        {"id": 365, "type": "static", "metirial": "greyWall3", "startPoint": [28, 20]},
        {"id": 366, "type": "static", "metirial": "greyWall3", "startPoint": [29, 20]},
        {"id": 367, "type": "static", "metirial": "greyWall3", "startPoint": [30, 20]},
        {"id": 368, "type": "static", "metirial": "greyWall3", "startPoint": [30, 19]},
        {"id": 369, "type": "static", "metirial": "greyWall3", "startPoint": [30, 18]},
        {"id": 370, "type": "static", "metirial": "greyWall3", "startPoint": [30, 17]},
        {"id": 371, "type": "static", "metirial": "greyWall3", "startPoint": [32, 22]},
        {"id": 372, "type": "static", "metirial": "greyWall3", "startPoint": [32, 23]},
        {"id": 373, "type": "static", "metirial": "greyWall3", "startPoint": [31, 23]},
        {"id": 374, "type": "static", "metirial": "greyWall3", "startPoint": [30, 23]},
        {"id": 375, "type": "static", "metirial": "greyWall3", "startPoint": [29, 23]},
        {"id": 376, "type": "static", "metirial": "greyWall3", "startPoint": [28, 23]},
        {"id": 377, "type": "static", "metirial": "greyWall3", "startPoint": [27, 23]},
        {"id": 378, "type": "static", "metirial": "greyWall3", "startPoint": [27, 24]},
        {"id": 379, "type": "static", "metirial": "greyWall3", "startPoint": [27, 25]},
        {"id": 380, "type": "static", "metirial": "greyWall3", "startPoint": [27, 26]},
        {"id": 381, "type": "static", "metirial": "greyWall3", "startPoint": [27, 27]},
        {"id": 382, "type": "static", "metirial": "greyWall3", "startPoint": [27, 28]},
        {"id": 383, "type": "static", "metirial": "greyWall3", "startPoint": [27, 29]},
        {"id": 384, "type": "static", "metirial": "greyWall3", "startPoint": [27, 30]},
        {"id": 385, "type": "static", "metirial": "greyWall3", "startPoint": [27, 31]},
        {"id": 386, "type": "static", "metirial": "greyWall3", "startPoint": [28, 31]},
        {"id": 387, "type": "static", "metirial": "greyWall3", "startPoint": [29, 31]},
        {"id": 388, "type": "static", "metirial": "greyWall3", "startPoint": [30, 31]},
        {"id": 389, "type": "static", "metirial": "greyWall3", "startPoint": [31, 31]},
        {"id": 390, "type": "static", "metirial": "greyWall3", "startPoint": [32, 31]},
        {"id": 391, "type": "static", "metirial": "greyWall3", "startPoint": [32, 32]},
        {"id": 392, "type": "static", "metirial": "blueWall", "startPoint": [33, 32]},
        {"id": 393, "type": "static", "metirial": "blueWall", "startPoint": [34, 32]},
        {"id": 394, "type": "static", "metirial": "blueWall", "startPoint": [36, 32]},
        {"id": 395, "type": "static", "metirial": "blueWall", "startPoint": [37, 32]},
        {"id": 396, "type": "static", "metirial": "greyWall3", "startPoint": [38, 32]},
        {"id": 397, "type": "static", "metirial": "greyWall3", "startPoint": [38, 31]},
        {"id": 398, "type": "static", "metirial": "greyWall3", "startPoint": [39, 31]},
        {"id": 399, "type": "static", "metirial": "greyWall3", "startPoint": [40, 31]},
        {"id": 400, "type": "static", "metirial": "greyWall3", "startPoint": [41, 31]}, 
        {"id": 401, "type": "static", "metirial": "greyWall3", "startPoint": [42, 31]},
        {"id": 402, "type": "static", "metirial": "greyWall3", "startPoint": [43, 31]},
        {"id": 403, "type": "static", "metirial": "greyWall3", "startPoint": [43, 30]},
        {"id": 404, "type": "static", "metirial": "greyWall3", "startPoint": [43, 29]},
        {"id": 405, "type": "static", "metirial": "greyWall3", "startPoint": [44, 29]},
        {"id": 406, "type": "static", "metirial": "blueWall", "startPoint": [44, 28]},
        {"id": 407, "type": "static", "metirial": "blueWall", "startPoint": [44, 26]},
        {"id": 408, "type": "static", "metirial": "greyWall3", "startPoint": [44, 25]},
        {"id": 409, "type": "static", "metirial": "greyWall3", "startPoint": [43, 25]},
        {"id": 410, "type": "static", "metirial": "greyWall3", "startPoint": [43, 24]},
        {"id": 411, "type": "static", "metirial": "greyWall3", "startPoint": [43, 23]},
        {"id": 412, "type": "static", "metirial": "greyWall3", "startPoint": [42, 23]},
        {"id": 413, "type": "static", "metirial": "greyWall3", "startPoint": [41, 23]},
        {"id": 414, "type": "static", "metirial": "greyWall3", "startPoint": [40, 23]},
        {"id": 415, "type": "static", "metirial": "greyWall3", "startPoint": [39, 23]},
        {"id": 416, "type": "static", "metirial": "greyWall3", "startPoint": [38, 23]},
        {"id": 417, "type": "static", "metirial": "greyWall3", "startPoint": [38, 22]},
        {"id": 418, "type": "static", "metirial": "blueWall", "startPoint": [33, 33]},
        {"id": 419, "type": "static", "metirial": "blueWall", "startPoint": [33, 34]},
        {"id": 420, "type": "static", "metirial": "blueWall", "startPoint": [33, 35]},
        {"id": 421, "type": "static", "metirial": "blueWall", "startPoint": [33, 36]},
        {"id": 422, "type": "static", "metirial": "blueWall", "startPoint": [33, 37]},
        {"id": 423, "type": "static", "metirial": "blueWall", "startPoint": [33, 38]},
        {"id": 424, "type": "static", "metirial": "blueWall", "startPoint": [33, 39]},
        {"id": 425, "type": "static", "metirial": "blueWall", "startPoint": [33, 40]},
        {"id": 426, "type": "static", "metirial": "blueWall", "startPoint": [33, 41]},
        {"id": 427, "type": "static", "metirial": "blueWall", "startPoint": [33, 42]},
        {"id": 428, "type": "static", "metirial": "blueWall", "startPoint": [33, 43]},
        {"id": 429, "type": "static", "metirial": "blueWall", "startPoint": [33, 44]},
        {"id": 430, "type": "static", "metirial": "blueWall", "startPoint": [34, 44]},
        {"id": 431, "type": "static", "metirial": "blueWall", "startPoint": [36, 44]},
        {"id": 432, "type": "static", "metirial": "blueWall", "startPoint": [37, 44]},
        {"id": 433, "type": "static", "metirial": "blueWall", "startPoint": [37, 43]},
        {"id": 434, "type": "static", "metirial": "blueWall", "startPoint": [37, 42]},
        {"id": 435, "type": "static", "metirial": "blueWall", "startPoint": [37, 41]},
        {"id": 436, "type": "static", "metirial": "blueWall", "startPoint": [37, 40]},
        {"id": 437, "type": "static", "metirial": "blueWall", "startPoint": [37, 39]},
        {"id": 438, "type": "static", "metirial": "blueWall", "startPoint": [37, 38]},
        {"id": 439, "type": "static", "metirial": "blueWall", "startPoint": [37, 37]},
        {"id": 440, "type": "static", "metirial": "blueWall", "startPoint": [37, 36]},
        {"id": 441, "type": "static", "metirial": "blueWall", "startPoint": [37, 35]},
        {"id": 442, "type": "static", "metirial": "blueWall", "startPoint": [37, 34]},
        {"id": 443, "type": "static", "metirial": "blueWall", "startPoint": [37, 33]},
        {"id": 444, "type": "static", "metirial": "blueWall", "startPoint": [33, 45]},
        {"id": 445, "type": "static", "metirial": "blueWall", "startPoint": [33, 47]},
        {"id": 446, "type": "static", "metirial": "blueWall", "startPoint": [33, 48]},
        {"id": 447, "type": "static", "metirial": "blueWall", "startPoint": [33, 49]},
        {"id": 448, "type": "static", "metirial": "blueWall", "startPoint": [33, 50]},
        {"id": 449, "type": "static", "metirial": "blueWall", "startPoint": [33, 52]},
        {"id": 450, "type": "static", "metirial": "blueWall", "startPoint": [33, 53]},
        {"id": 451, "type": "static", "metirial": "blueWall", "startPoint": [32, 53]},
        {"id": 452, "type": "static", "metirial": "blueWall", "startPoint": [31, 53]},
        {"id": 453, "type": "static", "metirial": "blueWall", "startPoint": [30, 53]},
        {"id": 454, "type": "static", "metirial": "blueWall", "startPoint": [29, 53]},
        {"id": 455, "type": "static", "metirial": "blueWall", "startPoint": [28, 53]},
        {"id": 456, "type": "static", "metirial": "blueWall", "startPoint": [28, 54]},
        {"id": 457, "type": "static", "metirial": "blueWall", "startPoint": [28, 55]},
        {"id": 458, "type": "static", "metirial": "blueWall", "startPoint": [28, 56]},
        {"id": 459, "type": "static", "metirial": "blueWall", "startPoint": [28, 57]},
        {"id": 460, "type": "static", "metirial": "blueCard", "startPoint": [29, 57]},
        {"id": 461, "type": "static", "metirial": "darkBlue2", "startPoint": [30, 57]},
        {"id": 462, "type": "static", "metirial": "darkBlue2", "startPoint": [31, 57]},
        {"id": 463, "type": "static", "metirial": "darkBlue2", "startPoint": [32, 57]},
        {"id": 464, "type": "static", "metirial": "blueCard", "startPoint": [33, 57]},
        {"id": 465, "type": "static", "metirial": "darkBlue2", "startPoint": [34, 57]},
        {"id": 466, "type": "static", "metirial": "darkBlue2", "startPoint": [35, 57]},
        {"id": 467, "type": "static", "metirial": "darkBlue2", "startPoint": [36, 57]},
        {"id": 468, "type": "static", "metirial": "blueCard", "startPoint": [37, 57]},
        {"id": 469, "type": "static", "metirial": "darkBlue2", "startPoint": [38, 57]},
        {"id": 470, "type": "static", "metirial": "darkBlue2", "startPoint": [39, 57]},
        {"id": 471, "type": "static", "metirial": "darkBlue2", "startPoint": [40, 57]},
        {"id": 472, "type": "static", "metirial": "blueCard", "startPoint": [41, 57]},
        {"id": 473, "type": "static", "metirial": "blueWall", "startPoint": [42, 57]},
        {"id": 474, "type": "static", "metirial": "blueWall", "startPoint": [42, 56]},
        {"id": 475, "type": "static", "metirial": "blueWall", "startPoint": [42, 55]},
        {"id": 476, "type": "static", "metirial": "blueWall", "startPoint": [42, 54]},
        {"id": 478, "type": "static", "metirial": "blueWall", "startPoint": [42, 53]},
        {"id": 479, "type": "static", "metirial": "blueWall", "startPoint": [41, 53]},
        {"id": 480, "type": "static", "metirial": "blueWall", "startPoint": [40, 53]},
        {"id": 481, "type": "static", "metirial": "blueWall", "startPoint": [39, 53]},
        {"id": 482, "type": "static", "metirial": "blueWall", "startPoint": [38, 53]},
        {"id": 483, "type": "static", "metirial": "blueWall", "startPoint": [37, 53]},
        {"id": 484, "type": "static", "metirial": "blueWall", "startPoint": [37, 52]},
        {"id": 485, "type": "static", "metirial": "blueWall", "startPoint": [37, 50]},
        {"id": 486, "type": "static", "metirial": "blueWall", "startPoint": [37, 49]},
        {"id": 487, "type": "static", "metirial": "blueWall", "startPoint": [37, 48]},
        {"id": 488, "type": "static", "metirial": "blueWall", "startPoint": [37, 47]},
        {"id": 489, "type": "static", "metirial": "blueWall", "startPoint": [37, 45]},
        {"id": 490, "type": "static", "metirial": "blueWall", "startPoint": [32, 44]}, 
        {"id": 491, "type": "static", "metirial": "blueWall", "startPoint": [31, 44]},
        {"id": 492, "type": "static", "metirial": "blueWall", "startPoint": [30, 44]},
        {"id": 493, "type": "static", "metirial": "blueWall", "startPoint": [29, 44]},
        {"id": 494, "type": "static", "metirial": "blueWall", "startPoint": [28, 44]},
        {"id": 495, "type": "static", "metirial": "blueWall", "startPoint": [28, 45]},
        {"id": 496, "type": "static", "metirial": "blueWall", "startPoint": [28, 46]},
        {"id": 497, "type": "static", "metirial": "blueWall", "startPoint": [28, 47]},
        {"id": 498, "type": "static", "metirial": "blueWall", "startPoint": [28, 48]},
        {"id": 499, "type": "static", "metirial": "blueWall", "startPoint": [28, 49]},
        {"id": 500, "type": "static", "metirial": "blueWall", "startPoint": [28, 50]},
        {"id": 501, "type": "static", "metirial": "blueWall", "startPoint": [28, 51]},
        {"id": 502, "type": "static", "metirial": "blueWall", "startPoint": [28, 52]},
        {"id": 503, "type": "static", "metirial": "blueWall", "startPoint": [29, 49]},
        {"id": 504, "type": "static", "metirial": "blueWall", "startPoint": [30, 49]},
        {"id": 505, "type": "static", "metirial": "blueWall", "startPoint": [31, 49]},
        {"id": 506, "type": "static", "metirial": "blueWall", "startPoint": [32, 49]},
        {"id": 507, "type": "static", "metirial": "blueWall", "startPoint": [38, 44]},
        {"id": 508, "type": "static", "metirial": "blueWall", "startPoint": [39, 44]},
        {"id": 509, "type": "static", "metirial": "blueWall", "startPoint": [40, 44]},
        {"id": 510, "type": "static", "metirial": "blueWall", "startPoint": [41, 44]},
        {"id": 511, "type": "static", "metirial": "blueWall", "startPoint": [42, 44]},
        {"id": 512, "type": "static", "metirial": "blueWall", "startPoint": [42, 45]},
        {"id": 513, "type": "static", "metirial": "blueWall", "startPoint": [42, 46]},
        {"id": 514, "type": "static", "metirial": "blueWall", "startPoint": [42, 47]},
        {"id": 515, "type": "static", "metirial": "blueWall", "startPoint": [42, 48]},
        {"id": 516, "type": "static", "metirial": "blueWall", "startPoint": [42, 49]},
        {"id": 517, "type": "static", "metirial": "blueWall", "startPoint": [42, 50]},
        {"id": 518, "type": "static", "metirial": "blueWall", "startPoint": [42, 51]},
        {"id": 519, "type": "static", "metirial": "blueWall", "startPoint": [42, 52]},
        {"id": 520, "type": "static", "metirial": "blueWall", "startPoint": [38, 49]},
        {"id": 521, "type": "static", "metirial": "blueWall", "startPoint": [39, 49]},
        {"id": 522, "type": "static", "metirial": "blueWall", "startPoint": [40, 49]},
        {"id": 523, "type": "static", "metirial": "blueWall", "startPoint": [41, 49]},
        {"id": 524, "type": "static", "metirial": "blueWall", "startPoint": [45, 25]},
        {"id": 525, "type": "static", "metirial": "blueWall", "startPoint": [46, 25]},
        {"id": 526, "type": "static", "metirial": "blueWall", "startPoint": [47, 25]},
        {"id": 527, "type": "static", "metirial": "blueWall", "startPoint": [48, 25]},
        {"id": 528, "type": "static", "metirial": "blueWall", "startPoint": [49, 25]},
        {"id": 529, "type": "static", "metirial": "blueWall", "startPoint": [50, 25]},
        {"id": 530, "type": "static", "metirial": "blueWall", "startPoint": [51, 25]},
        {"id": 531, "type": "static", "metirial": "blueWall", "startPoint": [52, 25]},
        {"id": 532, "type": "static", "metirial": "blueWall", "startPoint": [53, 25]},
        {"id": 533, "type": "static", "metirial": "blueWall", "startPoint": [54, 25]},
        {"id": 534, "type": "static", "metirial": "blueWall", "startPoint": [54, 26]},
        {"id": 535, "type": "static", "metirial": "blueWall", "startPoint": [54, 28]},
        {"id": 536, "type": "static", "metirial": "blueWall", "startPoint": [54, 29]},
        {"id": 537, "type": "static", "metirial": "blueWall", "startPoint": [53, 29]},
        {"id": 538, "type": "static", "metirial": "blueWall", "startPoint": [52, 29]},
        {"id": 539, "type": "static", "metirial": "blueWall", "startPoint": [51, 29]},
        {"id": 540, "type": "static", "metirial": "blueWall", "startPoint": [51, 30]},
        {"id": 541, "type": "static", "metirial": "blueWall", "startPoint": [50, 30]},
        {"id": 542, "type": "static", "metirial": "blueWall", "startPoint": [50, 31]},
        {"id": 543, "type": "static", "metirial": "blueWall", "startPoint": [50, 32]},
        {"id": 544, "type": "static", "metirial": "blueWall", "startPoint": [50, 33]},
        {"id": 545, "type": "static", "metirial": "blueWall", "startPoint": [50, 34]},
        {"id": 546, "type": "static", "metirial": "blueWall", "startPoint": [50, 35]},
        {"id": 547, "type": "static", "metirial": "blueWall", "startPoint": [51, 36]},
        {"id": 548, "type": "static", "metirial": "blueWall", "startPoint": [51, 37]},
        {"id": 549, "type": "static", "metirial": "blueWall", "startPoint": [51, 39]},
        {"id": 550, "type": "static", "metirial": "blueWall", "startPoint": [51, 40]},
        {"id": 551, "type": "static", "metirial": "blueWall", "startPoint": [50, 40]},
        {"id": 552, "type": "static", "metirial": "blueWall", "startPoint": [49, 40]},
        {"id": 553, "type": "static", "metirial": "blueWall", "startPoint": [48, 40]},
        {"id": 554, "type": "static", "metirial": "blueWall", "startPoint": [47, 40]},
        {"id": 555, "type": "static", "metirial": "blueWall", "startPoint": [47, 39]},
        {"id": 556, "type": "static", "metirial": "blueWall", "startPoint": [47, 38]},
        {"id": 557, "type": "static", "metirial": "blueWall", "startPoint": [47, 37]},
        {"id": 558, "type": "static", "metirial": "blueWall", "startPoint": [47, 36]},
        {"id": 559, "type": "static", "metirial": "blueWall", "startPoint": [47, 35]},
        {"id": 560, "type": "static", "metirial": "blueWall", "startPoint": [47, 34]},
        {"id": 561, "type": "static", "metirial": "blueWall", "startPoint": [47, 33]},
        {"id": 562, "type": "static", "metirial": "blueWall", "startPoint": [47, 32]},
        {"id": 563, "type": "static", "metirial": "blueWall", "startPoint": [47, 31]},
        {"id": 564, "type": "static", "metirial": "blueWall", "startPoint": [47, 30]},
        {"id": 565, "type": "static", "metirial": "blueWall", "startPoint": [46, 29]},
        {"id": 566, "type": "static", "metirial": "blueWall", "startPoint": [45, 29]},
        {"id": 567, "type": "static", "metirial": "blueWall", "startPoint": [54, 24]},
        {"id": 568, "type": "static", "metirial": "blueWall", "startPoint": [54, 23]},
        {"id": 569, "type": "static", "metirial": "blueWall", "startPoint": [54, 22]},
        {"id": 570, "type": "static", "metirial": "blueWall", "startPoint": [55, 22]},
        {"id": 571, "type": "static", "metirial": "blueWall", "startPoint": [56, 22]},
        {"id": 572, "type": "static", "metirial": "blueWall", "startPoint": [57, 22]},
        {"id": 573, "type": "static", "metirial": "blueWall", "startPoint": [58, 22]},
        {"id": 574, "type": "static", "metirial": "blueWall", "startPoint": [59, 22]},
        {"id": 575, "type": "static", "metirial": "blueWall", "startPoint": [60, 22]},
        {"id": 576, "type": "static", "metirial": "blueWall", "startPoint": [61, 22]},
        {"id": 577, "type": "static", "metirial": "blueWall", "startPoint": [62, 22]},
        {"id": 578, "type": "static", "metirial": "blueWall", "startPoint": [63, 22]},
        {"id": 579, "type": "static", "metirial": "blueWall", "startPoint": [63, 23]},
        {"id": 580, "type": "static", "metirial": "blueWall", "startPoint": [63, 24]},
        {"id": 581, "type": "static", "metirial": "blueWall", "startPoint": [63, 25]},
        {"id": 582, "type": "static", "metirial": "blueWall", "startPoint": [63, 26]},
        {"id": 583, "type": "static", "metirial": "blueWall", "startPoint": [63, 27]},
        {"id": 584, "type": "static", "metirial": "blueWall", "startPoint": [63, 28]},
        {"id": 585, "type": "static", "metirial": "blueWall", "startPoint": [63, 29]},
        {"id": 586, "type": "static", "metirial": "blueWall", "startPoint": [63, 30]},
        {"id": 587, "type": "static", "metirial": "blueWall", "startPoint": [63, 31]},
        {"id": 588, "type": "static", "metirial": "blueWall", "startPoint": [63, 32]},
        {"id": 589, "type": "static", "metirial": "blueWall", "startPoint": [62, 32]},
        {"id": 590, "type": "static", "metirial": "blueWall", "startPoint": [61, 32]},
        {"id": 591, "type": "static", "metirial": "blueWall", "startPoint": [60, 32]},
        {"id": 592, "type": "static", "metirial": "blueWall", "startPoint": [59, 32]},
        {"id": 593, "type": "static", "metirial": "blueWall", "startPoint": [58, 32]},
        {"id": 594, "type": "static", "metirial": "blueWall", "startPoint": [57, 32]}, 
        {"id": 595, "type": "static", "metirial": "blueWall", "startPoint": [56, 32]},
        {"id": 596, "type": "static", "metirial": "blueWall", "startPoint": [55, 32]},
        {"id": 597, "type": "static", "metirial": "blueWall", "startPoint": [54, 32]},
        {"id": 598, "type": "static", "metirial": "blueWall", "startPoint": [54, 31]},
        {"id": 599, "type": "static", "metirial": "blueWall", "startPoint": [54, 30]},
        {"id": 600, "type": "static", "metirial": "blueWall", "startPoint": [52, 36]},
        {"id": 601, "type": "static", "metirial": "blueWall", "startPoint": [52, 35]},
        {"id": 602, "type": "static", "metirial": "blueWall", "startPoint": [53, 35]},
        {"id": 603, "type": "static", "metirial": "blueWall", "startPoint": [54, 35]},
        {"id": 604, "type": "static", "metirial": "blueWall", "startPoint": [54, 36]},
        {"id": 605, "type": "static", "metirial": "blueWall", "startPoint": [55, 35]},
        {"id": 606, "type": "static", "metirial": "blueWall", "startPoint": [56, 35]},
        {"id": 607, "type": "static", "metirial": "blueWall", "startPoint": [56, 36]},
        {"id": 608, "type": "static", "metirial": "blueWall", "startPoint": [57, 35]},
        {"id": 609, "type": "static", "metirial": "blueWall", "startPoint": [58, 35]},
        {"id": 610, "type": "static", "metirial": "blueWall", "startPoint": [58, 36]},
        {"id": 611, "type": "static", "metirial": "blueWall", "startPoint": [59, 35]},
        {"id": 612, "type": "static", "metirial": "blueWall", "startPoint": [60, 35]},
        {"id": 613, "type": "static", "metirial": "blueWall", "startPoint": [60, 36]},
        {"id": 614, "type": "static", "metirial": "blueWall", "startPoint": [61, 36]},
        {"id": 615, "type": "static", "metirial": "blueWall", "startPoint": [61, 37]},
        {"id": 616, "type": "static", "metirial": "blueWall", "startPoint": [62, 37]},
        {"id": 617, "type": "static", "metirial": "blueWall", "startPoint": [62, 38]},
        {"id": 618, "type": "static", "metirial": "blueWall", "startPoint": [63, 38]},
        {"id": 619, "type": "static", "metirial": "blueWall", "startPoint": [63, 39]},
        {"id": 620, "type": "static", "metirial": "blueWall", "startPoint": [63, 40]},
        {"id": 621, "type": "static", "metirial": "blueWall", "startPoint": [62, 40]},
        {"id": 622, "type": "static", "metirial": "blueWall", "startPoint": [62, 41]},
        {"id": 623, "type": "static", "metirial": "blueWall", "startPoint": [61, 41]},
        {"id": 624, "type": "static", "metirial": "blueWall", "startPoint": [61, 42]},
        {"id": 625, "type": "static", "metirial": "blueWall", "startPoint": [60, 42]},
        {"id": 626, "type": "static", "metirial": "blueWall", "startPoint": [60, 43]},
        {"id": 627, "type": "static", "metirial": "blueWall", "startPoint": [59, 43]},
        {"id": 628, "type": "static", "metirial": "blueWall", "startPoint": [58, 43]},
        {"id": 629, "type": "static", "metirial": "blueWall", "startPoint": [58, 42]},
        {"id": 630, "type": "static", "metirial": "blueWall", "startPoint": [57, 43]},
        {"id": 631, "type": "static", "metirial": "blueWall", "startPoint": [56, 43]},
        {"id": 632, "type": "static", "metirial": "blueWall", "startPoint": [56, 42]},
        {"id": 633, "type": "static", "metirial": "blueWall", "startPoint": [55, 43]},
        {"id": 634, "type": "static", "metirial": "blueWall", "startPoint": [54, 43]},
        {"id": 635, "type": "static", "metirial": "blueWall", "startPoint": [54, 42]},
        {"id": 636, "type": "static", "metirial": "blueWall", "startPoint": [53, 43]},
        {"id": 637, "type": "static", "metirial": "blueWall", "startPoint": [52, 43]},
        {"id": 638, "type": "static", "metirial": "blueWall", "startPoint": [52, 42]},
        {"id": 639, "type": "static", "metirial": "blueWall", "startPoint": [51, 42]},
        {"id": 640, "type": "static", "metirial": "blueWall", "startPoint": [51, 41]},
        {"id": 641, "type": "static", "metirial": "blueWall", "startPoint": [50, 36]},
        {"id": 642, "type": "static", "metirial": "blueWall", "startPoint": [21, 45]},
        {"id": 643, "type": "static", "metirial": "blueWall", "startPoint": [21, 46]},
        {"id": 644, "type": "static", "metirial": "blueWall", "startPoint": [21, 47]},
        {"id": 645, "type": "static", "metirial": "blueWall", "startPoint": [20, 47]},
        {"id": 646, "type": "static", "metirial": "blueWall", "startPoint": [19, 47]},
        {"id": 647, "type": "static", "metirial": "blueWall", "startPoint": [18, 47]},
        {"id": 648, "type": "static", "metirial": "blueWall", "startPoint": [18, 46]},
        {"id": 649, "type": "static", "metirial": "blueWall", "startPoint": [15, 45]},
        {"id": 650, "type": "static", "metirial": "blueWall", "startPoint": [15, 46]},
        {"id": 651, "type": "static", "metirial": "blueWall", "startPoint": [12, 45]},
        {"id": 652, "type": "static", "metirial": "blueWall", "startPoint": [11, 45]},
        {"id": 653, "type": "static", "metirial": "blueWall", "startPoint": [12, 47]},
        {"id": 654, "type": "static", "metirial": "blueWall", "startPoint": [12, 48]},
        {"id": 655, "type": "static", "metirial": "blueWall", "startPoint": [13, 48]},
        {"id": 656, "type": "static", "metirial": "blueWall", "startPoint": [15, 48]},
        {"id": 657, "type": "static", "metirial": "blueWall", "startPoint": [16, 48]},
        {"id": 658, "type": "static", "metirial": "blueWall", "startPoint": [17, 48]},
        {"id": 659, "type": "static", "metirial": "blueWall", "startPoint": [18, 48]},
        {"id": 660, "type": "static", "metirial": "blueWall", "startPoint": [10, 45]},
        {"id": 661, "type": "static", "metirial": "blueWall", "startPoint": [10, 46]},
        {"id": 662, "type": "static", "metirial": "blueWall", "startPoint": [11, 47]},
        {"id": 663, "type": "static", "metirial": "blueWall", "startPoint": [12, 47]},
        {"id": 664, "type": "static", "metirial": "blueWall", "startPoint": [13, 49]},
        {"id": 665, "type": "static", "metirial": "blueWall", "startPoint": [13, 50]},
        {"id": 666, "type": "static", "metirial": "blueWall", "startPoint": [13, 51]},
        {"id": 667, "type": "static", "metirial": "blueWall", "startPoint": [14, 51]},
        {"id": 668, "type": "static", "metirial": "blueWall", "startPoint": [15, 51]},
        {"id": 669, "type": "static", "metirial": "blueWall", "startPoint": [16, 51]},
        {"id": 670, "type": "static", "metirial": "blueWall", "startPoint": [16, 50]},
        {"id": 671, "type": "static", "metirial": "blueWall", "startPoint": [16, 49]},
        {"id": 672, "type": "static", "metirial": "blueWall", "startPoint": [6, 35]}
    ],
    "rooms": [
        { "id": 1, "next": [2], "walls": [494, 493, 492, 491, 490, 429, 444, 445, 446, 447, 506, 505, 504, 503, 499, 498, 497, 496, 495], "location": [{"startX": 28, "startZ":44, "endX":33, "endZ":49}], "doors":[1] },
        { "id": 2, "next": [1, 3, 4, 5, 6], "walls": [430, 429, 444, 445, 446, 447, 448, 449, 450, 451, 452, 453, 454, 455, 456, 457, 458, 459, 460, 461, 462, 463, 464, 465, 466, 467, 468, 469, 470, 471, 472, 473, 474, 475, 476, 478, 479, 480, 481, 482, 483, 484, 485, 486 ,486 ,487, 488, 489, 432, 431], "location": [{"startX": 33, "startZ":44, "endX":37, "endZ":53}, {"startX": 28, "startZ":53, "endX":42, "endZ":57}], "doors":[1, 2, 3, 4, 5] },
        { "id": 3, "next": [2], "walls": [432, 489, 488, 487, 486, 520, 521, 522, 523, 516, 515, 514, 513, 512, 511, 510, 509, 508, 507], "location": [{"startX": 37, "startZ":44, "endX":42, "endZ":49}], "doors":[3] },
        { "id": 4, "next": [2], "walls": [486, 485, 484, 483, 482, 481, 480, 479, 478, 519, 518, 517, 516, 523, 522, 521], "location": [{"startX": 37, "startZ":49, "endX":42, "endZ":53}], "doors":[4] },
        { "id": 5, "next": [2], "walls": [499, 503, 504, 505, 506, 447, 448, 449, 450, 451, 452, 453, 454, 455, 502, 501, 500], "location": [{"startX": 28, "startZ":49, "endX":33, "endZ":53}], "doors":[5] },
        { "id": 6, "next": [7, 2], "walls": [392, 393, 394, 395, 443, 442, 441, 440, 439, 438, 437, 436, 435, 434, 433, 432, 431, 430, 429, 428, 427, 426, 425, 424, 423, 422, 421, 420, 419, 418], "location": [{"startX": 33, "startZ":32, "endX":37, "endZ":44}], "doors":[2,6] },
        { "id": 7, "next": [6, 8, 12], "walls": [377, 376, 375, 374, 373, 372, 371, 337, 338, 339, 340, 417, 416, 415, 415, 415, 414, 413, 412, 411, 410, 409, 408, 407, 406, 405, 404, 403, 402, 401, 400, 399, 398, 397, 396, 395, 394, 393, 392, 391, 390, 389, 388, 387, 386, 385, 384, 383, 382, 381, 380, 379, 378], "location": [{"startX": 27, "startZ": 23, "endX": 44, "endZ":32}], "doors":[6, 7, 8] },
        { "id": 8, "next": [7, 9, 10], "walls": [301, 302, 303, 304, 321, 322, 323, 324, 325, 326, 332, 333, 334, 335, 336,337,338, 339, 340, 341, 342, 343, 344, 345,346, 347, 348, 349, 350, 351, 352, 353, 354, 355, 356, 327, 328, 330, 331], "location": [{"startX": 31, "startZ":9, "endX":39, "endZ":22}], "doors":[9, 9] },
        { "id": 9, "next": [8], "walls": [329, 357, 358, 359, 360, 361, 362, 363, 364, 365, 366, 367, 368, 369, 370], "location": [{"startX": 27, "startZ":15, "endX":30, "endZ":20}], "doors":[] },
        { "id": 10, "next": [15, 11, 8], "walls": [275, 276, 278, 279, 280, 281, 282, 283, 284, 285, 286, 287, 288, 289, 290, 291, 293, 294, 295, 296, 297, 298, 299, 300, 301, 302, 303, 304, 305, 306, 307, 308, 309, 252, 251, 250, 249], "location": [{"startX": 29, "startZ":1, "endX":41, "endZ":9}], "doors":[9, 10, 11] },
        { "id": 11, "next": [10], "walls": [291, 293, 294, 295, 320, 319, 318, 317, 316, 315, 314, 313, 312, 311, 310], "location": [{"startX": 41, "startZ":3, "endX":45, "endZ":7}], "doors":[10] },
        { "id": 12, "next": [13, 14, 7], "walls": [408, 407, 406, 405, 566, 565, 564, 563, 562, 561, 560, 559, 558, 557, 556, 555, 554, 553, 552, 551, 550, 549, 548, 547, 641, 546, 545, 544, 543, 542, 541, 540, 539, 538, 537, 536, 535, 534, 533, 532, 531, 530, 529, 528, 527, 526, 525, 524, 408, 407], "location": [{"startX": 44, "startZ":25, "endX":54, "endZ":30}, {"startX": 47, "startZ": 30, "endX":51, "endZ": 40}], "doors":[7, 22, 21] },
        { "id": 13, "next": [12], "walls": [567, 568, 569, 570, 571, 572, 573, 574, 575, 576, 577, 578, 579, 580, 581, 582, 583, 584, 585, 586, 587, 588, 589, 590, 591, 592, 593, 594, 595, 596, 597, 598, 599, 536, 535], "location": [{"startX": 28, "startZ":44, "endX":33, "endZ":49}], "doors":[22] },
        { "id": 14, "next": [12], "walls": [548, 547, 600, 601, 602, 603, 604, 605, 606, 607, 608, 609, 610, 611, 612, 613, 614, 615, 616, 617, 618, 619, 620, 621, 622, 623, 624, 625, 626, 627, 628, 629, 630, 631, 632, 633, 634, 635, 636, 637, 638, 639, 640, 550, 549], "location": [{"startX": 51, "startZ": 35, "endX":63, "endZ":43}], "doors":[21] },
        { "id": 15, "next": [10, 16], "walls": [207, 208, 209, 210, 274, 273, 272, 271, 270, 269, 268, 267, 266, 265, 264, 263, 262, 261, 260, 259, 258, 257, 256, 255, 254, 253, 252, 251, 250, 249, 248, 247, 246, 245, 244, 243, 242, 241, 240, 239, 238, 237, 236, 235, 234, 233, 232, 231], "location": [{"startX": 18, "startZ":3, "endX":29, "endZ":13}, {"startX": 16, "startZ": 9, "endX":18, "endZ":13}], "doors":[11, 12] },
        { "id": 16, "next": [15, 17, 18], "walls": [168, 167, 177, 188, 189, 190, 191, 192, 193, 194, 195, 196, 197, 198, 199, 200, 201, 202, 203, 204, 205, 206, 207, 208, 209, 210, 211, 212, 213, 214, 215, 170, 169], "location": [{"startX": 6, "startZ":8, "endX":16, "endZ":15}], "doors":[12, 13] },
        { "id": 17, "next": [16], "walls": [197, 198, 199, 200, 201, 201, 216, 217, 218, 219, 220, 221, 222, 223, 224, 225, 226, 227, 228, 229, 230], "location": [{"startX": 6, "startZ":3, "endX":12, "endZ":8}], "doors":[] },
        { "id": 18, "next": [16, 19], "walls": [169, 170, 171, 172, 173, 174, 175, 176, 149, 148, 147, 130, 131, 132, 133, 134, 165, 166], "location": [{"startX": 9, "startZ":16, "endX":13, "endZ":23}], "doors":[13, 14] },
        { "id": 19, "next": [18, 20], "walls": [148, 149, 150, 151, 152, 153, 154, 155, 156, 157, 158, 159, 160, 161, 162, 162, 163, 164, 89, 90, 91, 92, 140, 141, 142, 143, 144, 118, 119, 120, 121, 145, 146, 127, 128, 129], "location": [{"startX": 6, "startZ":23, "endX":16, "endZ":33}], "doors":[14, 15, 18] },
        { "id": 20, "next": [26, 25, 24, 23, 21, 19], "walls": [15,16,17,18,19,20,21,22,23,24,25,26,27,28,29,30, 31,32,33,34,35,36,37,38,39, 40,41,42,43,44,45,46,47,48,49,50,51,52,53,54,55,56,57,58,77,76,78,79,80,81,82,83,84, 85,86,87,88,89,90,91,92,93,94,95,96,97,98,99,100,101,102,103,104,105,112,111,113,114,115,116,117,118,119,120,121,122,123,124,125,126,139,138], "location": [{"startX": 1, "startZ": 18, "endX":6, "endZ":35}, {"startX": 1, "startZ": 35, "endX":5, "endZ":44}, {"startX": 5, "startZ": 40, "endX":18, "endZ":44}, {"startX": 9, "startZ": 33, "endX":13, "endZ":40}], "doors": [15, 16, 17, 18, 19, 20] },
        { "id": 21, "next": [20], "walls": [57, 58, 60, 61, 62, 63, 64, 65, 66, 68, 69, 70, 71, 72, 73, 74, 75, 76, 77], "location": [{"startX": 18, "startZ":40, "endX":25, "endZ":44}], "doors":[16] },
        { "id": 22, "next": [23, 27], "walls": [647, 648, 649, 650, 651, 652, 660, 661, 662, 663, 653, 654, 655, 656, 657, 658, 659, 647, 648, 57, 56, 55, 54, 53, 52, 51, 50, 49], "location": [{"startX": 10, "startZ":44, "endX":18, "endZ":48}], "doors":[] },
        { "id": 23, "next": [21, 22], "walls": [57, 60, 61, 642, 643, 644, 645, 646, 647, 648], "location": [{"startX": 18, "startZ":44, "endX":21, "endZ":47}], "doors":[] },
        { "id": 24, "next": [20], "walls": [104, 105, 106, 107, 108, 109, 110, 672, 112, 111, 94, 95, 96, 97, 98], "location": [{"startX": 5, "startZ":35, "endX":9, "endZ":39}], "doors":[17] },
        { "id": 25, "next": [20], "walls": [125, 126, 127, 128, 129, 130, 131, 132, 133, 134, 135, 136, 137, 138, 139], "location": [{"startX": 5, "startZ":19, "endX":9, "endZ":23}], "doors":[19] },
        { "id": 26, "next": [20], "walls": [0,1,2,3,4,5,6,7,8,9,10,11,12,13,14], "location": [{"startX": 1, "endX": 5, "startZ": 14, "endZ": 18}], "doors": [20] },
        { "id": 27, "next": [22], "walls": [655, 664, 665, 666, 667, 668, 669, 670, 671, 657, 656], "location": [{"startX": 1, "endX": 5, "startZ": 14, "endZ": 18}], "doors": [0] }
    ],
    "doors": [
        { "id": 1, "startPoint": [33, 46], "boxSize": [1, 4, 4], "xMove": 0, "zMove": 0.5, "detection": {"startX": 32, "endX": 34, "startZ": 46, "endZ": 46} },
        { "id": 2, "startPoint": [35, 44], "boxSize": [4, 4, 1], "xMove": 0.5, "zMove": 0, "detection": {"startX": 35, "endX": 35, "startZ": 43, "endZ": 45} },
        { "id": 3, "startPoint": [37, 46], "boxSize": [1, 4, 4], "xMove": 0, "zMove": 0.5, "detection": {"startX": 36, "endX": 38, "startZ": 46, "endZ": 46} },
        { "id": 4, "startPoint": [37, 51], "boxSize": [1, 4, 4], "xMove": 0, "zMove": 0.5, "detection": {"startX": 36, "endX": 38, "startZ": 51, "endZ": 51} },
        { "id": 5, "startPoint": [33, 51], "boxSize": [1, 4, 4], "xMove": 0, "zMove": 0.5, "detection": {"startX": 32, "endX": 34, "startZ": 51, "endZ": 51} },
        { "id": 6, "startPoint": [35, 32], "boxSize": [4, 4, 1], "xMove": 0.5, "zMove": 0, "detection": {"startX": 35, "endX": 35, "startZ": 31, "endZ": 33} },
        { "id": 7, "startPoint": [44, 27], "boxSize": [1, 4, 4], "xMove": 0, "zMove": 0.5, "detection": {"startX": 43, "endX": 45, "startZ": 27, "endZ": 27} },
        { "id": 8, "startPoint": [35, 22], "boxSize": [4, 4, 1], "xMove": 0.5, "zMove": 0, "detection": {"startX": 35, "endX": 35, "startZ": 21, "endZ": 23} },
        { "id": 9, "startPoint": [35, 9], "boxSize": [4, 4, 1], "xMove": 0.5, "zMove": 0, "detection": {"startX": 35, "endX": 35, "startZ": 8, "endZ": 10} },
        { "id": 10, "startPoint": [41, 5], "boxSize": [1, 4, 4], "xMove": 0, "zMove": 0.5, "detection": {"startX": 40, "endX": 42, "startZ": 5, "endZ": 5} },
        { "id": 11, "startPoint": [29, 5], "boxSize": [1, 4, 4], "xMove": 0, "zMove": 0.5, "detection": {"startX": 28, "endX": 30, "startZ": 5, "endZ": 5} },
        { "id": 12, "startPoint": [16, 11], "boxSize": [1, 4, 4], "xMove": 0, "zMove": 0.5, "detection": {"startX": 15, "endX": 17, "startZ": 11, "endZ": 11} },
        { "id": 13, "startPoint": [11, 16], "boxSize": [4, 4, 1], "xMove": 0.5, "zMove": 0, "detection": {"startX": 11, "endX": 11, "startZ": 15, "endZ": 17} },
        { "id": 14, "startPoint": [11, 23], "boxSize": [4, 4, 1], "xMove": 0.5, "zMove": 0, "detection": {"startX": 11, "endX": 11, "startZ": 22, "endZ": 24} },
        { "id": 15, "startPoint": [11, 33], "boxSize": [4, 4, 1], "xMove": 0.5, "zMove": 0, "detection": {"startX": 11, "endX": 11, "startZ": 32, "endZ": 34} },
        { "id": 16, "startPoint": [18, 42], "boxSize": [1, 4, 4], "xMove": 0, "zMove": 0.5, "detection": {"startX": 17, "endX": 19, "startZ": 42, "endZ": 42} },
        { "id": 17, "startPoint": [5, 37], "boxSize": [1, 4, 4], "xMove": 0, "zMove": 0.5, "detection": {"startX": 4, "endX": 6, "startZ": 37, "endZ": 37} },
        { "id": 18, "startPoint": [6, 28], "boxSize": [1, 4, 4], "xMove": 0, "zMove": 0.5, "detection": {"startX": 5, "endX": 7, "startZ": 28, "endZ": 28} },
        { "id": 19, "startPoint": [5, 21], "boxSize": [1, 4, 4], "xMove": 0, "zMove": 0.5, "detection": {"startX": 4, "endX": 6, "startZ": 21, "endZ": 21} },
        { "id": 20, "startPoint": [3, 18], "boxSize": [4, 4, 1], "xMove": 0.5, "zMove": 0, "detection": {"startX": 3, "endX": 3, "startZ": 17, "endZ": 19} },
        { "id": 21, "startPoint": [51, 38], "boxSize": [1, 4, 4], "xMove": 0, "zMove": 0.5, "detection": {"startX": 50, "endX": 52, "startZ": 38, "endZ": 38} },
        { "id": 22, "startPoint": [54, 27], "boxSize": [1, 4, 4], "xMove": 0, "zMove": 0.5, "detection": {"startX": 53, "endX": 55, "startZ": 27, "endZ": 27} }
    ],
    "soilders": [
        { "room": 2, "lives": 2,"rotation": 90, "position": [29.5, 54] },
        { "room": 2, "lives": 2,"rotation": 270, "position": [41.5, 54] },
        { "room": 4, "lives": 2,"rotation": 270, "position": [41.5, 51] },
        { "room": 8, "lives": 2,"rotation": 90, "position": [31.5, 16] },
        { "room": 10, "lives": 2, "rotation": 180, "position": [35, 3] },
        { "room": 11, "lives": 2, "rotation": 270, "position": [44, 5] },
        { "room": 15, "lives": 2, "rotation": 270, "position": [23, 10] },
        { "room": 16, "lives": 2, "rotation": 90, "position": [7.5, 10] },
        { "room": 16, "lives": 2, "rotation": 90, "position": [7.5, 14] },
        { "room": 21, "lives": 2, "rotation": 270, "position": [22, 42] },
        { "room": 24, "lives": 2, "rotation": 270, "position": [8, 37] },
        { "room": 25, "lives": 2, "rotation": 270, "position": [8, 21] },
        { "room": 20, "lives": 2, "rotation": 180, "position": [3, 21] },
        { "room": 20, "lives": 2, "rotation": 270, "position": [16, 42] },
        { "room": 13, "lives": 2, "rotation": 270, "position": [62, 25] },
        { "room": 13, "lives": 2, "rotation": 270, "position": [62, 29] },
        { "room": 12, "lives": 2, "rotation": 0, "position": [49, 38] },
        { "room": 12, "lives": 2, "rotation": 0, "position": [49, 31] },
        { "room": 14, "lives": 2, "rotation": 180, "position": [53.5, 36] },
        { "room": 14, "lives": 2, "rotation": 0, "position": [53.5, 42] },
        { "room": 14, "lives": 2, "rotation": 180, "position": [55.5, 36] },
        { "room": 14, "lives": 2, "rotation": 0, "position": [55.5, 42] },
        { "room": 14, "lives": 2, "rotation": 180, "position": [57.5, 36] },
        { "room": 14, "lives": 2, "rotation": 0, "position": [57.5, 42] },
        { "room": 14, "lives": 2, "rotation": 180, "position": [59.5, 36] },
        { "room": 14, "lives": 2, "rotation": 0, "position": [59.5, 42] },
        { "room": 5,"lives": 2, "rotation": 90, "position": [29.5, 51] },
        { "room": 2, "lives": 2, "rotation": 180, "position": [35, 46] }
    ],
    "secretDoors": [
        { "id": 1, "startPoint": [54, 27], "boxSize": [1, 4, 4], "xMove": 0, "zMove": 0.5, "detection": {"startX": 53, "endX": 55, "startZ": 27, "endZ": 27} }
    ]
}